regulation_code,regulation_name,hs_parent_code,hs_parent_name,hs_code,hs_name,fao_code,fao_name,bp,fao_parent_code,fao_commodity_code,in_mapping_table,match
0102,Live cattle,0102,Bovine animals; live,010210,"Bovine animals; live, pure-bred breeding animals",NA,NA,NA,NA,NA,0,missing
0102,Live cattle,0102,Bovine animals; live,010221,"Cattle; live, pure-bred breeding animals",866,Cattle,0,866,866,1,partial
0102,Live cattle,0102,Bovine animals; live,010229,"Cattle; live, other than pure-bred breeding animals",866,Cattle,0,866,866,1,partial
0102,Live cattle,0102,Bovine animals; live,010231,"Buffalo; live, pure-bred breeding animals",946,Buffalo,NA,NA,NA,0,missing
0102,Live cattle,0102,Bovine animals; live,010239,"Buffalo; live, other than pure-bred breeding animals",946,Buffalo,NA,NA,NA,0,missing
0102,Live cattle,0102,Bovine animals; live,010290,"Bovine animals; live, other than cattle and buffalo",NA,NA,NA,NA,NA,0,missing
0201,"Meat of cattle, fresh or chilled",0201,Meat of bovine animals; fresh or chilled,020110,"Meat; of bovine animals, carcasses and half-carcasses, fresh or chilled",867,Meat of cattle with the bone; fresh or chilled,0,866,866,1,partial
0201,"Meat of cattle, fresh or chilled",0201,Meat of bovine animals; fresh or chilled,020120,"Meat; of bovine animals, cuts with bone in (excluding carcasses and half-carcasses), fresh or chilled",867,Meat of cattle with the bone; fresh or chilled,0,866,866,1,partial
0201,"Meat of cattle, fresh or chilled",0201,Meat of bovine animals; fresh or chilled,020130,"Meat; of bovine animals, boneless cuts, fresh or chilled",870,Meat of cattle boneless; fresh or chilled,1,867,866,1,partial
0202,"Meat of cattle, frozen",0202,Meat of bovine animals; frozen,020210,"Meat; of bovine animals, carcasses and half-carcasses, frozen",NA,NA,NA,NA,NA,0,missing
0202,"Meat of cattle, frozen",0202,Meat of bovine animals; frozen,020220,"Meat; of bovine animals, cuts with bone in (excluding carcasses and half-carcasses), frozen",NA,NA,NA,NA,NA,0,missing
0202,"Meat of cattle, frozen",0202,Meat of bovine animals; frozen,020230,"Meat; of bovine animals, boneless cuts, frozen",NA,NA,NA,NA,NA,0,missing
020610,"Edible offal of cattle, fresh or chilled",0206,"Edible offal of bovine animals, swine, sheep, goats, horses, asses, mules or hinnies; fresh, chilled or frozen",020610,"Offal, edible; of bovine animals, fresh or chilled",868,Edible offal of cattle; fresh; chilled or frozen,0,866,866,1,partial
020622,"Edible cattle livers, frozen",0206,"Edible offal of bovine animals, swine, sheep, goats, horses, asses, mules or hinnies; fresh, chilled or frozen",020622,"Offal, edible; of bovine animals, livers, frozen",868,Edible offal of cattle; fresh; chilled or frozen,0,866,866,1,partial
020629,"Edible cattle offal (excluding tongues and livers), frozen",0206,"Edible offal of bovine animals, swine, sheep, goats, horses, asses, mules or hinnies; fresh, chilled or frozen",020629,"Offal, edible; of bovine animals, (other than tongues and livers), frozen",868,Edible offal of cattle; fresh; chilled or frozen,0,866,866,1,partial
160250,"Other prepared or preserved meat, meat offal, blood of bovine animals",1602,"Prepared or preserved meat, meat offal, blood or insects",160250,"Meat preparations; of bovine animals, meat or meat offal, prepared or preserved (excluding livers and homogenised preparations)",875,Beef and veal preparations nes,0,867,866,1,total
4101,"Raw hides and skins of cattle (fresh, or salted, dried, limed, pickled or otherwise preserved, but not tanned, parchment-dressed or further prepared), whether or not dehaired or split",4101,"Raw hides and skins of bovine (including buffalo) or equine animals (fresh, salted, dried, limed, pickled, otherwise preserved but not tanned, parchment dressed or further prepared), whether or not dehaired or split",410110,"Hides and skins; raw, whole, of bovine animals, weight per skin not exceeding 8kg when simply dried, 10kg when dry-salted or 14kg when fresh, wet-salted or otherwise preserved",928,Skins; wet-salted of calves,0,919,866,1,partial
4101,"Raw hides and skins of cattle (fresh, or salted, dried, limed, pickled or otherwise preserved, but not tanned, parchment-dressed or further prepared), whether or not dehaired or split",4101,"Raw hides and skins of bovine (including buffalo) or equine animals (fresh, salted, dried, limed, pickled, otherwise preserved but not tanned, parchment dressed or further prepared), whether or not dehaired or split",410120,"Raw hides and skins; whole, unsplit, of bovine or equine animals, of a weight per skin not exceeding 8kg when simply dried, 10kg when dry-salted or 16kg when fresh, wet-salted or otherwise preserved",NA,NA,NA,NA,NA,0,missing
4101,"Raw hides and skins of cattle (fresh, or salted, dried, limed, pickled or otherwise preserved, but not tanned, parchment-dressed or further prepared), whether or not dehaired or split",4101,"Raw hides and skins of bovine (including buffalo) or equine animals (fresh, salted, dried, limed, pickled, otherwise preserved but not tanned, parchment dressed or further prepared), whether or not dehaired or split",410121,"Hides and skins; raw, whole, of bovine animals, fresh or wet-salted, weight per skin exceeding 14kg",920,Hides; wet-salted of cattle,0,919,866,1,partial
4101,"Raw hides and skins of cattle (fresh, or salted, dried, limed, pickled or otherwise preserved, but not tanned, parchment-dressed or further prepared), whether or not dehaired or split",4101,"Raw hides and skins of bovine (including buffalo) or equine animals (fresh, salted, dried, limed, pickled, otherwise preserved but not tanned, parchment dressed or further prepared), whether or not dehaired or split",410122,"Hides and skins; raw, of bovine animals, fresh or wet-salted, butts and bends",920,Hides; wet-salted of cattle,0,919,866,1,partial
4101,"Raw hides and skins of cattle (fresh, or salted, dried, limed, pickled or otherwise preserved, but not tanned, parchment-dressed or further prepared), whether or not dehaired or split",4101,"Raw hides and skins of bovine (including buffalo) or equine animals (fresh, salted, dried, limed, pickled, otherwise preserved but not tanned, parchment dressed or further prepared), whether or not dehaired or split",410129,"Hides and skins; raw, of bovine animals, fresh or wet-salted, other than whole, but not butts or bends",920,Hides; wet-salted of cattle,0,919,866,1,partial
4101,"Raw hides and skins of cattle (fresh, or salted, dried, limed, pickled or otherwise preserved, but not tanned, parchment-dressed or further prepared), whether or not dehaired or split",4101,"Raw hides and skins of bovine (including buffalo) or equine animals (fresh, salted, dried, limed, pickled, otherwise preserved but not tanned, parchment dressed or further prepared), whether or not dehaired or split",410130,"Hides and skins; raw, of bovine animals, preserved in ways n.e.s. in heading no. 4101",919,Raw hides and skins of cattle,0,866,866,1,partial
4101,"Raw hides and skins of cattle (fresh, or salted, dried, limed, pickled or otherwise preserved, but not tanned, parchment-dressed or further prepared), whether or not dehaired or split",4101,"Raw hides and skins of bovine (including buffalo) or equine animals (fresh, salted, dried, limed, pickled, otherwise preserved but not tanned, parchment dressed or further prepared), whether or not dehaired or split",410140,"Hides and skins; raw, of equine animals, fresh or salted, dried, limed, pickled or otherwise preserved (excluding tanned, parchment-dressed or further prepared), whether or not dehaired or split",NA,NA,NA,NA,NA,0,missing
4101,"Raw hides and skins of cattle (fresh, or salted, dried, limed, pickled or otherwise preserved, but not tanned, parchment-dressed or further prepared), whether or not dehaired or split",4101,"Raw hides and skins of bovine (including buffalo) or equine animals (fresh, salted, dried, limed, pickled, otherwise preserved but not tanned, parchment dressed or further prepared), whether or not dehaired or split",410150,"Hides and skins; raw, whole, of bovine or equine animals, of a weight per skin exceeding 16 kg",NA,NA,NA,NA,NA,0,missing
4101,"Raw hides and skins of cattle (fresh, or salted, dried, limed, pickled or otherwise preserved, but not tanned, parchment-dressed or further prepared), whether or not dehaired or split",4101,"Raw hides and skins of bovine (including buffalo) or equine animals (fresh, salted, dried, limed, pickled, otherwise preserved but not tanned, parchment dressed or further prepared), whether or not dehaired or split",410190,"Hides and skins; other than whole, but including butts, bends and bellies, of bovine (including. buffalo) and equine animals, fresh, salted or preserved, but not tanned, parchment dressed or further prepared, whether or not dehaired or split",NA,NA,NA,NA,NA,0,missing
4104,"Tanned or crust hides and skins of cattle, without hair on, whether or not split, but not further prepared",4104,"Tanned or crust hides and skins of bovine (including buffalo) or equine animals, without hair on, whether or not split, but not further prepared",410410,"Leather; whole bovine skin, without hair on, of a unit surface area not exceeding 28 square feet (2.6m2), excluding leather of heading no. 4108 and 4109",NA,NA,NA,NA,NA,0,missing
4104,"Tanned or crust hides and skins of cattle, without hair on, whether or not split, but not further prepared",4104,"Tanned or crust hides and skins of bovine (including buffalo) or equine animals, without hair on, whether or not split, but not further prepared",410411,"Tanned or crust hides and skins; without hair on, bovine or equine, in the wet state (including wet-blue), full grains, unsplit; grain splits",NA,NA,NA,NA,NA,0,missing
4104,"Tanned or crust hides and skins of cattle, without hair on, whether or not split, but not further prepared",4104,"Tanned or crust hides and skins of bovine (including buffalo) or equine animals, without hair on, whether or not split, but not further prepared",410419,"Tanned or crust hides and skins; bovine or equine, without hair on, in the wet state (including wet-blue), excluding full grains, unsplit; grain splits",NA,NA,NA,NA,NA,0,missing
4104,"Tanned or crust hides and skins of cattle, without hair on, whether or not split, but not further prepared",4104,"Tanned or crust hides and skins of bovine (including buffalo) or equine animals, without hair on, whether or not split, but not further prepared",410421,"Leather; bovine, without hair on, vegetable pre-tanned, (but not further prepared), whether or not split, excluding leather of heading no. 4108 and 4109",NA,NA,NA,NA,NA,0,missing
4104,"Tanned or crust hides and skins of cattle, without hair on, whether or not split, but not further prepared",4104,"Tanned or crust hides and skins of bovine (including buffalo) or equine animals, without hair on, whether or not split, but not further prepared",410422,"Leather; bovine, without hair on, pre-tanned, (not vegetable pre-tanned), but not further prepared, whether or not split, excluding leather of heading no. 4108 and 4109",NA,NA,NA,NA,NA,0,missing
4104,"Tanned or crust hides and skins of cattle, without hair on, whether or not split, but not further prepared",4104,"Tanned or crust hides and skins of bovine (including buffalo) or equine animals, without hair on, whether or not split, but not further prepared",410429,"Leather; bovine and equine n.e.s. in heading no. 4104, without hair on, tanned or retanned but not further prepared, whether or not split, excluding leather of heading no. 4108 and 4109",NA,NA,NA,NA,NA,0,missing
4104,"Tanned or crust hides and skins of cattle, without hair on, whether or not split, but not further prepared",4104,"Tanned or crust hides and skins of bovine (including buffalo) or equine animals, without hair on, whether or not split, but not further prepared",410431,"Leather; bovine and equine, without hair on, parchment-dressed or prepared after tanning, full grains and grain splits, excluding leather of heading no. 4108 and 4109",NA,NA,NA,NA,NA,0,missing
4104,"Tanned or crust hides and skins of cattle, without hair on, whether or not split, but not further prepared",4104,"Tanned or crust hides and skins of bovine (including buffalo) or equine animals, without hair on, whether or not split, but not further prepared",410439,"Leather; bovine and equine, without hair on,( excluding full grains and grain splits), parchment-dressed or prepared after tanning excluding leather of heading no. 4108 and 4109",NA,NA,NA,NA,NA,0,missing
4104,"Tanned or crust hides and skins of cattle, without hair on, whether or not split, but not further prepared",4104,"Tanned or crust hides and skins of bovine (including buffalo) or equine animals, without hair on, whether or not split, but not further prepared",410441,"Tanned or crust hides and skins; bovine or equine, without hair on, in the dry state (crust), full grains, unsplit; grain splits",NA,NA,NA,NA,NA,0,missing
4104,"Tanned or crust hides and skins of cattle, without hair on, whether or not split, but not further prepared",4104,"Tanned or crust hides and skins of bovine (including buffalo) or equine animals, without hair on, whether or not split, but not further prepared",410449,"Tanned or crust hides and skins; bovine or equine, without hair on, in the dry state (crust), (other than full grains, unsplit; grain splits)",NA,NA,NA,NA,NA,0,missing
4107,"Leather of cattle, further prepared after tanning or crusting, including parchment-dressed leather, without hair on, whether or not split",4107,"Leather further prepared after tanning or crusting, including parchment-dressed leather, of bovine (including buffalo) or equine animals, without hair on, whether or not split, other than leather of heading 41.14",410710,"Leather; of swine, without hair on, excluding leather of heading no. 4108 or 4109",NA,NA,NA,NA,NA,0,missing
4107,"Leather of cattle, further prepared after tanning or crusting, including parchment-dressed leather, without hair on, whether or not split",4107,"Leather further prepared after tanning or crusting, including parchment-dressed leather, of bovine (including buffalo) or equine animals, without hair on, whether or not split, other than leather of heading 41.14",410711,"Leather; further prepared after tanning or crusting, including parchment-dressed leather, of bovine (including buffalo) or equine animals, without hair on, other than leather of heading 41.14, whole hides and skins, full grain, unsplit",NA,NA,NA,NA,NA,0,missing
4107,"Leather of cattle, further prepared after tanning or crusting, including parchment-dressed leather, without hair on, whether or not split",4107,"Leather further prepared after tanning or crusting, including parchment-dressed leather, of bovine (including buffalo) or equine animals, without hair on, whether or not split, other than leather of heading 41.14",410712,"Leather; further prepared after tanning or crusting, including parchment-dressed leather, of bovine (including buffalo) or equine animals, without hair on, other than leather of heading 41.14, whole hides and skins, grain splits",NA,NA,NA,NA,NA,0,missing
4107,"Leather of cattle, further prepared after tanning or crusting, including parchment-dressed leather, without hair on, whether or not split",4107,"Leather further prepared after tanning or crusting, including parchment-dressed leather, of bovine (including buffalo) or equine animals, without hair on, whether or not split, other than leather of heading 41.14",410719,"Leather; further prepared after tanning or crusting, including parchment-dressed, of bovine (including buffalo) or equine animals, without hair on, split or not, other than leather of heading 41.14, (other than grain splits and full grains, unsplit)",NA,NA,NA,NA,NA,0,missing
4107,"Leather of cattle, further prepared after tanning or crusting, including parchment-dressed leather, without hair on, whether or not split",4107,"Leather further prepared after tanning or crusting, including parchment-dressed leather, of bovine (including buffalo) or equine animals, without hair on, whether or not split, other than leather of heading 41.14",410721,"Leather; of reptiles, without hair on, vegetable pre-tanned, excluding leather of heading no. 4108 or 4109",NA,NA,NA,NA,NA,0,missing
4107,"Leather of cattle, further prepared after tanning or crusting, including parchment-dressed leather, without hair on, whether or not split",4107,"Leather further prepared after tanning or crusting, including parchment-dressed leather, of bovine (including buffalo) or equine animals, without hair on, whether or not split, other than leather of heading 41.14",410729,"Leather; of reptiles, without hair on, other than vegetable pre-tanned, excluding leather of heading no. 4108 or 4109",NA,NA,NA,NA,NA,0,missing
4107,"Leather of cattle, further prepared after tanning or crusting, including parchment-dressed leather, without hair on, whether or not split",4107,"Leather further prepared after tanning or crusting, including parchment-dressed leather, of bovine (including buffalo) or equine animals, without hair on, whether or not split, other than leather of heading 41.14",410790,"Leather; of animals n.e.s. in chapter 41, without hair on, excluding leather of heading no. 4108 or 4109",NA,NA,NA,NA,NA,0,missing
4107,"Leather of cattle, further prepared after tanning or crusting, including parchment-dressed leather, without hair on, whether or not split",4107,"Leather further prepared after tanning or crusting, including parchment-dressed leather, of bovine (including buffalo) or equine animals, without hair on, whether or not split, other than leather of heading 41.14",410791,"Leather; further prepared after tanning or crusting, including parchment-dressed, of bovine (including buffalo) or equine animals, without hair on, other than leather of heading 41.14, not whole hides and skins, but including sides, full grain, unsplit",NA,NA,NA,NA,NA,0,missing
4107,"Leather of cattle, further prepared after tanning or crusting, including parchment-dressed leather, without hair on, whether or not split",4107,"Leather further prepared after tanning or crusting, including parchment-dressed leather, of bovine (including buffalo) or equine animals, without hair on, whether or not split, other than leather of heading 41.14",410792,"Leather; further prepared after tanning or crusting, including parchment-dressed, of bovine (including buffalo) or equine animals, without hair on, other than leather of heading 41.14, not whole hides and skins, but including sides, grain splits",NA,NA,NA,NA,NA,0,missing
4107,"Leather of cattle, further prepared after tanning or crusting, including parchment-dressed leather, without hair on, whether or not split",4107,"Leather further prepared after tanning or crusting, including parchment-dressed leather, of bovine (including buffalo) or equine animals, without hair on, whether or not split, other than leather of heading 41.14",410799,"Leather; further prepared after tanning or crusting, incl. parchment-dressed, of bovine (including buffalo) or equine animals, no hair, excluding leather of heading 41.14, and whole hides and skins, and sides, (full grains, unsplit and grain splits)",NA,NA,NA,NA,NA,0,missing
18010000,"Cocoa beans, whole or broken, raw or roasted",1801,"Cocoa beans; whole or broken, raw or roasted",180100,"Cocoa beans; whole or broken, raw or roasted",661,Cocoa beans,0,661,661,1,total
18020000,"Cocoa shells, husks, skins and other cocoa waste",1802,"Cocoa; shells, husks, skins and other cocoa waste",180200,"Cocoa; shells, husks, skins and other cocoa waste",663,Cocoa husks and shells,0,661,661,1,total
1803,"Cocoa paste, whether or not defatted",1803,Cocoa; paste; whether or not defatted,180310,"Cocoa; paste, not defatted",662,Cocoa paste not defatted,0,661,661,1,total
1803,"Cocoa paste, whether or not defatted",1803,Cocoa; paste; whether or not defatted,180320,"Cocoa; paste, wholly or partly defatted",665,Cocoa powder and cake,0,662,661,1,partial
18040000,"Cocoa butter, fat and oil",1804,"Cocoa; butter, fat and oil",180400,"Cocoa; butter, fat and oil",664,Cocoa butter; fat and oil,0,662,661,1,total
18050000,"Cocoa powder, not containing added sugar or other sweetening matter",1805,"Cocoa; powder, not containing added sugar or other sweetening matter",180500,"Cocoa; powder, not containing added sugar or other sweetening matter",665,Cocoa powder and cake,0,662,661,1,partial
1806,Chocolate and other food preparations containing cocoa,1806,Chocolate and other food preparations containing cocoa,180610,"Cocoa; powder, containing added sugar or other sweetening matter",666,Chocolate products nes,0,665,661,1,partial
1806,Chocolate and other food preparations containing cocoa,1806,Chocolate and other food preparations containing cocoa,180620,"Chocolate & other food preparations containing cocoa; in blocks, slabs or bars weighing more than 2kg or in liquid, paste, powder, granular or other bulk form in containers or immediate packings, content exceeding 2kg",666,Chocolate products nes,0,665,661,1,partial
1806,Chocolate and other food preparations containing cocoa,1806,Chocolate and other food preparations containing cocoa,180631,"Chocolate and other food preparations containing cocoa; in blocks, slabs or bars, filled, weighing 2kg or less",666,Chocolate products nes,0,665,661,1,partial
1806,Chocolate and other food preparations containing cocoa,1806,Chocolate and other food preparations containing cocoa,180632,"Chocolate and other food preparations containing cocoa; in blocks, slabs or bars, (not filled), weighing 2kg or less",666,Chocolate products nes,0,665,661,1,partial
1806,Chocolate and other food preparations containing cocoa,1806,Chocolate and other food preparations containing cocoa,180690,Chocolate and other food preparations containing cocoa; n.e.c. in chapter 18,666,Chocolate products nes,0,665,661,1,partial
0901,"Coffee, whether or not roasted or decaffeinated; coffee husks and skins; coffee substitutes containing coffee in any proportion",0901,"Coffee, whether or not roasted or decaffeinated; husks and skins; coffee substitutes containing coffee in any proportion",090111,Coffee; not roasted or decaffeinated,656,Coffee; green,0,656,656,1,total
0901,"Coffee, whether or not roasted or decaffeinated; coffee husks and skins; coffee substitutes containing coffee in any proportion",0901,"Coffee, whether or not roasted or decaffeinated; husks and skins; coffee substitutes containing coffee in any proportion",090112,"Coffee; decaffeinated, not roasted",657,Coffee; decaffeinated or roasted,0,656,656,1,partial
0901,"Coffee, whether or not roasted or decaffeinated; coffee husks and skins; coffee substitutes containing coffee in any proportion",0901,"Coffee, whether or not roasted or decaffeinated; husks and skins; coffee substitutes containing coffee in any proportion",090121,"Coffee; roasted, not decaffeinated",657,Coffee; decaffeinated or roasted,0,656,656,1,partial
0901,"Coffee, whether or not roasted or decaffeinated; coffee husks and skins; coffee substitutes containing coffee in any proportion",0901,"Coffee, whether or not roasted or decaffeinated; husks and skins; coffee substitutes containing coffee in any proportion",090122,"Coffee; roasted, decaffeinated",657,Coffee; decaffeinated or roasted,0,656,656,1,partial
0901,"Coffee, whether or not roasted or decaffeinated; coffee husks and skins; coffee substitutes containing coffee in any proportion",0901,"Coffee, whether or not roasted or decaffeinated; husks and skins; coffee substitutes containing coffee in any proportion",090130,Coffee; husks and skins,660,Coffee husks and skins,0,656,656,1,total
0901,"Coffee, whether or not roasted or decaffeinated; coffee husks and skins; coffee substitutes containing coffee in any proportion",0901,"Coffee, whether or not roasted or decaffeinated; husks and skins; coffee substitutes containing coffee in any proportion",090140,"Coffee; substitutes containing coffee, in any proportion",658,Coffee substitutes,0,657,656,1,partial
0901,"Coffee, whether or not roasted or decaffeinated; coffee husks and skins; coffee substitutes containing coffee in any proportion",0901,"Coffee, whether or not roasted or decaffeinated; husks and skins; coffee substitutes containing coffee in any proportion",090190,"Coffee; husks and skins, coffee substitutes containing coffee in any proportion",658,Coffee substitutes,0,657,656,1,partial
1511,"Palm oil and its fractions, whether or not refined, but not chemically modified",1511,"Palm oil and its fractions; whether or not refined, but not chemically modified",151110,"Vegetable oils; palm oil and its fractions, crude, not chemically modified",257,Palm oil,0,254,254,1,partial
1511,"Palm oil and its fractions, whether or not refined, but not chemically modified",1511,"Palm oil and its fractions; whether or not refined, but not chemically modified",151190,"Vegetable oils; palm oil and its fractions, other than crude, whether or not refined, but not chemically modified",257,Palm oil,0,254,254,1,partial
120710,Palm nuts and kernels,1207,"Oil seeds and oleaginous fruits, n.e.c. in chapter 12; whether or not broken",120710,"Oil seeds; palm nuts and kernels, whether or not broken",256,Palm kernels,0,254,254,1,total
151321,Crude palm kernel and babassu oil and fractions thereof,1513,"Coconut (copra), palm kernel or babassu oil and their fractions; whether or not refined but not chemically modified",151321,"Vegetable oils; palm kernel or babassu oil and their fractions, crude, not chemically modified",258,Oil of palm kernel,1,256,254,1,partial
151329,"Palm kernel and babassu oil and their fractions, whether or not refined, but not chemically modified (excluding Crude oil)",1513,"Coconut (copra), palm kernel or babassu oil and their fractions; whether or not refined but not chemically modified",151329,"Vegetable oils; palm kernel or babassu oil and their fractions, other than crude, whether or not refined, but not chemically modified",258,Oil of palm kernel,1,256,254,1,partial
230660,"Oilcake and other solid residues of palm nuts or kernels, whether or not ground or in the form of pellets, resulting from the extraction of palm nuts oils or kernels oils",2306,"Oil-cake and other solid residues; whether or not ground or in the form of pellets, resulting from the extraction of vegetable or microbial fats or oils, other than those of heading no. 2304 or 2305",230660,"Oil-cake and other solid residues; whether or not ground or in the form of pellets, resulting from the extraction of palm nuts or kernels oils",259,Cake of palm kernel,1,256,254,1,total
382319,"Fatty acids, industrial, monocarboxylic; acid oils from refining (excl. stearic acid, oleic acid and tall oil fatty acids)",3823,Industrial monocarboxylic fatty acids; acid oils from refining; industrial fatty alcohols,382319,"Industrial monocarboxylic fatty acids; acid oils from refining; (other than stearic acid, oleic acid or tall oil fatty acids)",1276,Industrial monocarboxylic fatty acids; acid oils from refining,0,258,254,1,partial
291590,"Saturated acyclic monocarboxylic acids, their anhydrides, halides, peroxides and peroxyacids; their halogenated, sulphonated, nitrated or nitrosated derivatives (excl. formic acid and acetic acid, mono-, di- or trichloroacetic acids, propionic acid, butanoic and pentanoic acids, palmitic and stearic acids, their salts and esters, and acetic anhydride) ",2915,"Acids; saturated acyclic monocarboxylic acids and their anhydrides, halides, peroxides and peroxyacids; their halogenated, sulphonated, nitrated or nitrosated derivatives",291590,"Acids; saturated acyclic monocarboxylic acids; anhydrides, halides, peroxides, peroxyacids and halogenated, sulphonated, nitrated or nitrosated derivatives, n.e.c. in heading no. 2915",NA,NA,NA,NA,NA,0,missing
382370,"Fatty alcohols, industrial ",3823,Industrial monocarboxylic fatty acids; acid oils from refining; industrial fatty alcohols,382370,Industrial fatty alcohols,NA,NA,NA,NA,NA,0,missing
382311,"Stearic acid, industrial ",3823,Industrial monocarboxylic fatty acids; acid oils from refining; industrial fatty alcohols,382311,"Industrial monocarboxylic fatty acids, acid oils from refining; stearic acid",1276,Industrial monocarboxylic fatty acids; acid oils from refining,0,258,254,1,partial
290545,Glycerol,2905,"Acyclic alcohols and their halogenated, sulphonated, nitrated or nitrosated derivatives",290545,"Alcohols; polyhydric, glycerol",NA,NA,NA,NA,NA,0,missing
291570,"Palmitic acid, stearic acid, their salts and esters ",2915,"Acids; saturated acyclic monocarboxylic acids and their anhydrides, halides, peroxides and peroxyacids; their halogenated, sulphonated, nitrated or nitrosated derivatives",291570,"Acids; saturated acyclic monocarboxylic acids; palmitic acid, stearic acid, their salts and esters",NA,NA,NA,NA,NA,0,missing
382312,"Oleic acid, industrial",3823,Industrial monocarboxylic fatty acids; acid oils from refining; industrial fatty alcohols,382312,"Industrial monocarboxylic fatty acids, acid oils from refining; oleic acid",1276,Industrial monocarboxylic fatty acids; acid oils from refining,0,258,254,1,partial
1201,"Soya beans, whether or not broken",1201,"Soya beans, whether or not broken",120100,Soya beans; whether or not broken,236,Soya beans,0,236,236,1,partial
1201,"Soya beans, whether or not broken",1201,"Soya beans, whether or not broken",120110,"Soya beans; seed, whether or not broken",236,Soya beans,0,236,236,1,partial
1201,"Soya beans, whether or not broken",1201,"Soya beans, whether or not broken",120190,"Soya beans; other than seed, whether or not broken",236,Soya beans,0,236,236,1,partial
120810,Soya bean flour and meal,1208,Flours and meals of oil seeds or oleaginous fruits; other than those of mustard,120810,Flours and meals; of soya beans,343,Flours and meals of oil seeds or oleaginous fruits; except those of mustard,0,236,236,1,partial
1507,"Soya-bean oil and its fractions, whether or not refined, but not chemically modified",1507,"Soya-bean oil and its fractions; whether or not refined, but not chemically modified",150710,"Vegetable oils; soya-bean oil and its fractions, crude, whether or not degummed, not chemically modified",237,Soya bean oil,1,236,236,1,partial
1507,"Soya-bean oil and its fractions, whether or not refined, but not chemically modified",1507,"Soya-bean oil and its fractions; whether or not refined, but not chemically modified",150790,"Vegetable oils; soya-bean oil and its fractions, other than crude, whether or not refined, but not chemically modified",237,Soya bean oil,1,236,236,1,partial
2304,"Oilcake and other solid residues, whether or not ground or in the form of pellets, resulting from the extraction of soya-bean oil",2304,"Oil-cake and other solid residues; whether or not ground or in the form of pellets, resulting from the extraction of soya-bean oil",230400,"Oil-cake and other solid residues; whether or not ground or in the form of pellets, resulting from the extraction of soya-bean oil",238,Cake of  soya beans,1,236,236,1,total
4001,"Natural rubber, balata, gutta-percha, guayule, chicle and similar gums; in primary forms or in plates, sheets or strip",4001,"Natural rubber, balata, gutta-percha, guayule, chicle and similar gums; in primary forms or in plates, sheets or strip",400110,"Rubber; natural rubber latex, whether or not pre-vulcanised, in primary forms or in plates, sheets or strip",836,Natural rubber in primary forms,NA,NA,NA,1,partial
4001,"Natural rubber, balata, gutta-percha, guayule, chicle and similar gums; in primary forms or in plates, sheets or strip",4001,"Natural rubber, balata, gutta-percha, guayule, chicle and similar gums; in primary forms or in plates, sheets or strip",400121,"Rubber; natural (excluding latex), in smoked sheets",837,Natural rubber in other forms,NA,NA,NA,1,partial
4001,"Natural rubber, balata, gutta-percha, guayule, chicle and similar gums; in primary forms or in plates, sheets or strip",4001,"Natural rubber, balata, gutta-percha, guayule, chicle and similar gums; in primary forms or in plates, sheets or strip",400122,"Rubber; technically specified natural rubber (TSNR), in primary forms or in plates, sheets or strip (excluding latex and smoked sheets)",837,Natural rubber in other forms,NA,NA,NA,1,partial
4001,"Natural rubber, balata, gutta-percha, guayule, chicle and similar gums; in primary forms or in plates, sheets or strip",4001,"Natural rubber, balata, gutta-percha, guayule, chicle and similar gums; in primary forms or in plates, sheets or strip",400129,"Rubber; natural (excluding latex, technically specified natural rubber and smoked sheets), in primary forms or in plates, sheets or strip",837,Natural rubber in other forms,NA,NA,NA,1,partial
4001,"Natural rubber, balata, gutta-percha, guayule, chicle and similar gums; in primary forms or in plates, sheets or strip",4001,"Natural rubber, balata, gutta-percha, guayule, chicle and similar gums; in primary forms or in plates, sheets or strip",400130,"Balata, gutta-percha, guayule, chicle and similar natural gums; in primary forms or in plates, sheets or strip",839,Balata; gutta-percha; guayule; chicle and similar natural gums in primary forms or in plates; sheets or strip,NA,NA,NA,1,total
4005,"Compounded rubber, unvulcanised, in primary forms or in plates, sheets or strip",4005,"Compounded rubber, unvulcanised, in primary forms or in plates, sheets or strip",400510,"Rubber; unvulcanised, compounded with carbon black or silica, in primary forms or in plates, sheets or strip",NA,NA,NA,NA,NA,0,missing
4005,"Compounded rubber, unvulcanised, in primary forms or in plates, sheets or strip",4005,"Compounded rubber, unvulcanised, in primary forms or in plates, sheets or strip",400520,"Rubber; unvulcanised, compounded, solutions and dispersions other than those of item no. 4005.10",NA,NA,NA,NA,NA,0,missing
4005,"Compounded rubber, unvulcanised, in primary forms or in plates, sheets or strip",4005,"Compounded rubber, unvulcanised, in primary forms or in plates, sheets or strip",400591,"Rubber; unvulcanised, (compounded other than with carbon black or silica), in plates, sheets and strip",NA,NA,NA,NA,NA,0,missing
4005,"Compounded rubber, unvulcanised, in primary forms or in plates, sheets or strip",4005,"Compounded rubber, unvulcanised, in primary forms or in plates, sheets or strip",400599,"Rubber; unvulcanised, (compounded other than with carbon black or silica), in primary forms, (other than plates, sheets, strip, solutions or dispersions)",NA,NA,NA,NA,NA,0,missing
4006,"Unvulcanised rubber in other forms (e.g. rods, tubes and profile shapes) and articles (e.g. discs and rings)",4006,"Unvulcanised rubber in other forms (e.g. rods, tubes and profile shapes) and articles (e.g. discs and rings)",400610,"Rubber; unvulcanised, camel-back strips for retreading rubber tyres",NA,NA,NA,NA,NA,0,missing
4006,"Unvulcanised rubber in other forms (e.g. rods, tubes and profile shapes) and articles (e.g. discs and rings)",4006,"Unvulcanised rubber in other forms (e.g. rods, tubes and profile shapes) and articles (e.g. discs and rings)",400690,"Rubber; unvulcanised, other than camel back strips for retreading rubber tyres",NA,NA,NA,NA,NA,0,missing
4007,Vulcanised rubber thread and cord,4007,Vulcanised rubber thread and cord,400700,"Rubber; vulcanised, thread and cord",NA,NA,NA,NA,NA,0,missing
4008,"Plates, sheets, strips, rods and profile shapes, of vulcanised rubber other than hard rubber",4008,"Plates, sheets, strip, rods and profile shapes, of vulcanised rubber other than hard rubber",400811,"Rubber; vulcanised (other than hard rubber), in plates, sheets and strip of cellular rubber",NA,NA,NA,NA,NA,0,missing
4008,"Plates, sheets, strips, rods and profile shapes, of vulcanised rubber other than hard rubber",4008,"Plates, sheets, strip, rods and profile shapes, of vulcanised rubber other than hard rubber",400819,"Rubber; vulcanised (other than hard rubber), cellular rubber, (other than in plates, sheets or strip)",NA,NA,NA,NA,NA,0,missing
4008,"Plates, sheets, strips, rods and profile shapes, of vulcanised rubber other than hard rubber",4008,"Plates, sheets, strip, rods and profile shapes, of vulcanised rubber other than hard rubber",400821,"Rubber; vulcanised (other than hard rubber), in plates, sheets and strip, of non-cellular rubber",NA,NA,NA,NA,NA,0,missing
4008,"Plates, sheets, strips, rods and profile shapes, of vulcanised rubber other than hard rubber",4008,"Plates, sheets, strip, rods and profile shapes, of vulcanised rubber other than hard rubber",400829,"Rubber; vulcanised (other than hard rubber), non-cellular rubber, in forms other than plates, sheets or strip",NA,NA,NA,NA,NA,0,missing
4010,"Conveyer or transmission belts or belting, of vulcanised rubber",4010,"Conveyor or transmission belts or belting, of vulcanised rubber",401010,"Rubber; vulcanised, conveyor or transmission belts or belting of trapezoidal cross-section (v-belts and v-belting)",NA,NA,NA,NA,NA,0,missing
4010,"Conveyer or transmission belts or belting, of vulcanised rubber",4010,"Conveyor or transmission belts or belting, of vulcanised rubber",401011,"Rubber; vulcanised, conveyor belts or belting, reinforced only with metal",NA,NA,NA,NA,NA,0,missing
4010,"Conveyer or transmission belts or belting, of vulcanised rubber",4010,"Conveyor or transmission belts or belting, of vulcanised rubber",401012,"Rubber; vulcanised, conveyor belts or belting, reinforced only with textile materials",NA,NA,NA,NA,NA,0,missing
4010,"Conveyer or transmission belts or belting, of vulcanised rubber",4010,"Conveyor or transmission belts or belting, of vulcanised rubber",401013,"Rubber; vulcanised, conveyor belts or belting, reinforced only with plastics",NA,NA,NA,NA,NA,0,missing
4010,"Conveyer or transmission belts or belting, of vulcanised rubber",4010,"Conveyor or transmission belts or belting, of vulcanised rubber",401019,"Rubber; vulcanised, conveyor belts or belting, (reinforced with other than metal only or textile materials only)",NA,NA,NA,NA,NA,0,missing
4010,"Conveyer or transmission belts or belting, of vulcanised rubber",4010,"Conveyor or transmission belts or belting, of vulcanised rubber",401021,"Rubber; vulcanised, transmission belts or belting, endless, of trapezoidal cross-section (v-belts), whether or not grooved, of a circumference exceeding 60cm but not exceeding 180cm",NA,NA,NA,NA,NA,0,missing
4010,"Conveyer or transmission belts or belting, of vulcanised rubber",4010,"Conveyor or transmission belts or belting, of vulcanised rubber",401022,"Rubber; vulcanised, transmission belts or belting, endless, of trapezoidal cross-section (v-belts), whether or not grooved, of a circumference exceeding 180cm but not exceeding 240cm",NA,NA,NA,NA,NA,0,missing
4010,"Conveyer or transmission belts or belting, of vulcanised rubber",4010,"Conveyor or transmission belts or belting, of vulcanised rubber",401023,"Rubber; vulcanised, transmission belts or belting, endless synchronous belts (of a circumference exceeding 60cm but not exceeding 150cm)",NA,NA,NA,NA,NA,0,missing
4010,"Conveyer or transmission belts or belting, of vulcanised rubber",4010,"Conveyor or transmission belts or belting, of vulcanised rubber",401024,"Rubber; vulcanised, transmission belts or belting, endless synchronous belts (of a circumference exceeding 150cm but not exceeding 198cm)",NA,NA,NA,NA,NA,0,missing
4010,"Conveyer or transmission belts or belting, of vulcanised rubber",4010,"Conveyor or transmission belts or belting, of vulcanised rubber",401029,"Rubber; vulcanised, transmission belts or belting, n.e.s. in heading no. 4010",NA,NA,NA,NA,NA,0,missing
4010,"Conveyer or transmission belts or belting, of vulcanised rubber",4010,"Conveyor or transmission belts or belting, of vulcanised rubber",401031,"Rubber; vulcanised, endless transmission belts of trapezoidal cross-section (V-belts), V-ribbed, of an outside circumference exceeding 60cm but not exceeding 180 cm",NA,NA,NA,NA,NA,0,missing
4010,"Conveyer or transmission belts or belting, of vulcanised rubber",4010,"Conveyor or transmission belts or belting, of vulcanised rubber",401032,"Rubber; vulcanised, endless transmission belts of trapezoidal cross-section (V-belts), other than V-ribbed, of an outside circumference exceeding 60cm but not exceeding 180 cm",NA,NA,NA,NA,NA,0,missing
4010,"Conveyer or transmission belts or belting, of vulcanised rubber",4010,"Conveyor or transmission belts or belting, of vulcanised rubber",401033,"Rubber; vulcanised, endless transmission belts of trapezoidal cross-section (V-belts), V-ribbed, of an outside circumference exceeding 180cm but not exceeding 240 cm",NA,NA,NA,NA,NA,0,missing
4010,"Conveyer or transmission belts or belting, of vulcanised rubber",4010,"Conveyor or transmission belts or belting, of vulcanised rubber",401034,"Rubber; vulcanised, endless transmission belts of trapezoidal cross-section (V-belts), other than V-ribbed, of an outside circumference exceeding 180cm but not exceeding 240 cm",NA,NA,NA,NA,NA,0,missing
4010,"Conveyer or transmission belts or belting, of vulcanised rubber",4010,"Conveyor or transmission belts or belting, of vulcanised rubber",401035,"Rubber; vulcanised, endless synchronous belts, of an outside circumference exceeding 60 cm but not exceeding 150 cm",NA,NA,NA,NA,NA,0,missing
4010,"Conveyer or transmission belts or belting, of vulcanised rubber",4010,"Conveyor or transmission belts or belting, of vulcanised rubber",401036,"Rubber; vulcanised, endless synchronous belts, of an outside circumference exceeding 150 cm but not exceeding 198 cm",NA,NA,NA,NA,NA,0,missing
4010,"Conveyer or transmission belts or belting, of vulcanised rubber",4010,"Conveyor or transmission belts or belting, of vulcanised rubber",401039,"Rubber; vulcanised, conveyor or transmission belts or belting, n.e.c. in heading no. 4010",NA,NA,NA,NA,NA,0,missing
4010,"Conveyer or transmission belts or belting, of vulcanised rubber",4010,"Conveyor or transmission belts or belting, of vulcanised rubber",401091,"Rubber; vulcanised, conveyor or transmission belts or belting, of a width exceeding 20cm",NA,NA,NA,NA,NA,0,missing
4010,"Conveyer or transmission belts or belting, of vulcanised rubber",4010,"Conveyor or transmission belts or belting, of vulcanised rubber",401099,"Rubber; vulcanised, conveyor or transmission belts or belting, of a width 20cm or less",NA,NA,NA,NA,NA,0,missing
4011,"New pneumatic tyres, of rubber (other)",4011,"New pneumatic tyres, of rubber",401110,"Rubber; new pneumatic tyres, of a kind used on motor cars (including station wagons and racing cars)",NA,NA,NA,NA,NA,0,missing
4011,"New pneumatic tyres, of rubber (other)",4011,"New pneumatic tyres, of rubber",401120,"Rubber; new pneumatic tyres, of a kind used on buses or lorries",NA,NA,NA,NA,NA,0,missing
4011,"New pneumatic tyres, of rubber (other)",4011,"New pneumatic tyres, of rubber",401130,"Rubber; new pneumatic tyres, of a kind used on aircraft",NA,NA,NA,NA,NA,0,missing
4011,"New pneumatic tyres, of rubber (other)",4011,"New pneumatic tyres, of rubber",401140,"Rubber; new pneumatic tyres, of a kind used on motorcycles",NA,NA,NA,NA,NA,0,missing
4011,"New pneumatic tyres, of rubber (other)",4011,"New pneumatic tyres, of rubber",401150,"Rubber; new pneumatic tyres, of a kind used on bicycles",NA,NA,NA,NA,NA,0,missing
4011,"New pneumatic tyres, of rubber (other)",4011,"New pneumatic tyres, of rubber",401161,"Rubber; new pneumatic tyres having a herring-bone or similar tread, of a kind used on agricultural or forestry vehicles and machines",NA,NA,NA,NA,NA,0,missing
4011,"New pneumatic tyres, of rubber (other)",4011,"New pneumatic tyres, of rubber",401162,"Rubber; new pneumatic tyres having a herring-bone or similar tread, of a kind used on construction or industrial handling vehicles and machines and having a rim size not exceeding 61cm",NA,NA,NA,NA,NA,0,missing
4011,"New pneumatic tyres, of rubber (other)",4011,"New pneumatic tyres, of rubber",401163,"Rubber; new pneumatic tyres having a herring-bone or similar tread, of a kind used on construction or industrial handling vehicles and machines and having a rim size exceeding 61cm",NA,NA,NA,NA,NA,0,missing
4011,"New pneumatic tyres, of rubber (other)",4011,"New pneumatic tyres, of rubber",401169,"Rubber; new pneumatic tyres having a herring-bone or similar tread, of a kind used on light industrial vehicles",NA,NA,NA,NA,NA,0,missing
4011,"New pneumatic tyres, of rubber (other)",4011,"New pneumatic tyres, of rubber",401170,"Rubber; new pneumatic tyres, of a kind used on agricultural or forestry vehicles and machines",NA,NA,NA,NA,NA,0,missing
4011,"New pneumatic tyres, of rubber (other)",4011,"New pneumatic tyres, of rubber",401180,"Rubber; new pneumatic tyres, of a kind used on construction, mining or industrial handling vehicles and machines",NA,NA,NA,NA,NA,0,missing
4011,"New pneumatic tyres, of rubber (other)",4011,"New pneumatic tyres, of rubber",401190,"Rubber; new pneumatic tyres, of a kind used on light commercial vehicles",NA,NA,NA,NA,NA,0,missing
4011,"New pneumatic tyres, of rubber (other)",4011,"New pneumatic tyres, of rubber",401191,"Rubber; new pneumatic tyres, having a ""herring bone"" or similar tread",NA,NA,NA,NA,NA,0,missing
4011,"New pneumatic tyres, of rubber (other)",4011,"New pneumatic tyres, of rubber",401192,"Rubber; new pneumatic tyres having other than a herring-bone or similar tread, of a kind used on agricultural or forestry vehicles and machines",NA,NA,NA,NA,NA,0,missing
4011,"New pneumatic tyres, of rubber (other)",4011,"New pneumatic tyres, of rubber",401193,"Rubber; new pneumatic tyres having other than a herring-bone or similar tread, of a kind used on construction or industrial handling vehicles and machines and having a rim size not exceeding 61cm",NA,NA,NA,NA,NA,0,missing
4011,"New pneumatic tyres, of rubber (other)",4011,"New pneumatic tyres, of rubber",401194,"Rubber; new pneumatic tyres having other than a herring-bone or similar tread, of a kind used on construction or industrial handling vehicles and machines and having a rim size exceeding 61cm",NA,NA,NA,NA,NA,0,missing
4011,"New pneumatic tyres, of rubber (other)",4011,"New pneumatic tyres, of rubber",401199,"Rubber; new pneumatic tyres having other than a herring-bone or similar tread, of a kind used on light industrial vehicles",NA,NA,NA,NA,NA,0,missing
4012,"Retreaded or used pneumatic tyres of rubber; solid or cushion tyres, interchangeable tyre treads and tyre flaps, of rubber",4012,"Retreaded or used pneumatic tyres of rubber; solid or cushion tyres, tyre treads and tyre flaps, of rubber",401210,Rubber; retreaded tyres,NA,NA,NA,NA,NA,0,missing
4012,"Retreaded or used pneumatic tyres of rubber; solid or cushion tyres, interchangeable tyre treads and tyre flaps, of rubber",4012,"Retreaded or used pneumatic tyres of rubber; solid or cushion tyres, tyre treads and tyre flaps, of rubber",401211,Retreaded tyres; of a kind used on motor cars (including station wagons and racing cars),NA,NA,NA,NA,NA,0,missing
4012,"Retreaded or used pneumatic tyres of rubber; solid or cushion tyres, interchangeable tyre treads and tyre flaps, of rubber",4012,"Retreaded or used pneumatic tyres of rubber; solid or cushion tyres, tyre treads and tyre flaps, of rubber",401212,Retreaded tyres; of a kind used on motor buses or lorries,NA,NA,NA,NA,NA,0,missing
4012,"Retreaded or used pneumatic tyres of rubber; solid or cushion tyres, interchangeable tyre treads and tyre flaps, of rubber",4012,"Retreaded or used pneumatic tyres of rubber; solid or cushion tyres, tyre treads and tyre flaps, of rubber",401213,Retreaded tyres; of a kind used on aircraft,NA,NA,NA,NA,NA,0,missing
4012,"Retreaded or used pneumatic tyres of rubber; solid or cushion tyres, interchangeable tyre treads and tyre flaps, of rubber",4012,"Retreaded or used pneumatic tyres of rubber; solid or cushion tyres, tyre treads and tyre flaps, of rubber",401219,"Retreaded tyres; other than of a kind used on motor cars (including station wagons and racing cars), buses and lorries and aircraft",NA,NA,NA,NA,NA,0,missing
4012,"Retreaded or used pneumatic tyres of rubber; solid or cushion tyres, interchangeable tyre treads and tyre flaps, of rubber",4012,"Retreaded or used pneumatic tyres of rubber; solid or cushion tyres, tyre treads and tyre flaps, of rubber",401220,Rubber; used pneumatic tyres,NA,NA,NA,NA,NA,0,missing
4012,"Retreaded or used pneumatic tyres of rubber; solid or cushion tyres, interchangeable tyre treads and tyre flaps, of rubber",4012,"Retreaded or used pneumatic tyres of rubber; solid or cushion tyres, tyre treads and tyre flaps, of rubber",401290,Rubber; tyres n.e.c. in heading no. 4012,NA,NA,NA,NA,NA,0,missing
4013,"Inner tubes, of rubber",4013,"Inner tubes, of rubber",401310,"Rubber; inner tubes, of a kind used on motorcars (including station wagons and racing cars), buses and lorries",NA,NA,NA,NA,NA,0,missing
4013,"Inner tubes, of rubber",4013,"Inner tubes, of rubber",401320,"Rubber; inner tubes, of a kind used on bicycles",NA,NA,NA,NA,NA,0,missing
4013,"Inner tubes, of rubber",4013,"Inner tubes, of rubber",401390,"Rubber; inner tubes, n.e.c. in heading no. 4013",NA,NA,NA,NA,NA,0,missing
4015,"Articles of apparel and clothing accessories (including gloves), for all purposes of vulcanised rubber other than hard rubber",4015,"Articles of apparel and clothing accessories (including gloves, mittens and mitts), for all purposes, of vulcanised rubber other than hard rubber",401511,"Rubber; vulcanised (other than hard rubber), surgical gloves",NA,NA,NA,NA,NA,0,missing
4015,"Articles of apparel and clothing accessories (including gloves), for all purposes of vulcanised rubber other than hard rubber",4015,"Articles of apparel and clothing accessories (including gloves, mittens and mitts), for all purposes, of vulcanised rubber other than hard rubber",401512,"Rubber; vulcanised (other than hard rubber), gloves, of a kind used for medical, surgical, dental or veterinary purposes",NA,NA,NA,NA,NA,0,missing
4015,"Articles of apparel and clothing accessories (including gloves), for all purposes of vulcanised rubber other than hard rubber",4015,"Articles of apparel and clothing accessories (including gloves, mittens and mitts), for all purposes, of vulcanised rubber other than hard rubber",401519,"Rubber; vulcanised (other than hard rubber), gloves, mittens and mitts other than surgical gloves",NA,NA,NA,NA,NA,0,missing
4015,"Articles of apparel and clothing accessories (including gloves), for all purposes of vulcanised rubber other than hard rubber",4015,"Articles of apparel and clothing accessories (including gloves, mittens and mitts), for all purposes, of vulcanised rubber other than hard rubber",401590,"Rubber; vulcanised (other than hard rubber), articles of apparel and clothing accessories (other than gloves, mittens and mitts)",NA,NA,NA,NA,NA,0,missing
4016,"Articles of vulcanised rubber other than hard rubber, not elsewhere specified in chapter 40",4016,"Articles of vulcanised rubber other than hard rubber, n.e.c. in chapter 40",401610,"Rubber; vulcanised (other than hard rubber), moulded rubber mats and mats of non-rectangular shape made by cutting from the piece, of cellular rubber",NA,NA,NA,NA,NA,0,missing
4016,"Articles of vulcanised rubber other than hard rubber, not elsewhere specified in chapter 40",4016,"Articles of vulcanised rubber other than hard rubber, n.e.c. in chapter 40",401691,"Rubber; vulcanised (other than hard rubber), floor coverings and mats, of non-cellular rubber",NA,NA,NA,NA,NA,0,missing
4016,"Articles of vulcanised rubber other than hard rubber, not elsewhere specified in chapter 40",4016,"Articles of vulcanised rubber other than hard rubber, n.e.c. in chapter 40",401692,"Rubber; vulcanised (other than hard rubber), erasers, of non-cellular rubber",NA,NA,NA,NA,NA,0,missing
4016,"Articles of vulcanised rubber other than hard rubber, not elsewhere specified in chapter 40",4016,"Articles of vulcanised rubber other than hard rubber, n.e.c. in chapter 40",401693,"Rubber; vulcanised (other than hard rubber), gaskets, washers and other seals, of non-cellular rubber",NA,NA,NA,NA,NA,0,missing
4016,"Articles of vulcanised rubber other than hard rubber, not elsewhere specified in chapter 40",4016,"Articles of vulcanised rubber other than hard rubber, n.e.c. in chapter 40",401694,"Rubber; vulcanised (other than hard rubber), boat or dock fenders, whether or not inflatable, of non-cellular rubber",NA,NA,NA,NA,NA,0,missing
4016,"Articles of vulcanised rubber other than hard rubber, not elsewhere specified in chapter 40",4016,"Articles of vulcanised rubber other than hard rubber, n.e.c. in chapter 40",401695,"Rubber; vulcanised (other than hard rubber), inflatable articles (other than boat or dock fenders), of non-cellular rubber",NA,NA,NA,NA,NA,0,missing
4016,"Articles of vulcanised rubber other than hard rubber, not elsewhere specified in chapter 40",4016,"Articles of vulcanised rubber other than hard rubber, n.e.c. in chapter 40",401699,"Rubber; vulcanised (other than hard rubber), articles n.e.c. in heading no. 4016, of non-cellular rubber",NA,NA,NA,NA,NA,0,missing
4017,Hard rubber (i.e. ebonite) in all forms including waste and scrap; articles of hard rubber,4017,"Hard rubber (e.g. ebonite) in all forms, including waste and scrap; articles of hard rubber",401700,"Rubber; ebonite and other hard rubbers in all forms, including waste and scrap, and articles of hard rubber",NA,NA,NA,NA,NA,0,missing
